{
    "hist": {
        "figsize": [8, 5],
        "bins": 20,
        "kde": true
    },
    "fitting": {
        "Ridge": {
            "alpha": 1e-4
            }
        },
        "LGB":
            {
                "objective": "regression",
                "metric": "mse",
                "boosting_type": "gbdt",
                "num_leaves": 8,
                "learning_rate": 0.05,
                "feature_fraction": 0.2,
                "max_depth": 2,
                "n_estimators": 500
            }
}